"","x"
"1","8003007255 | 令和２年国勢調査 世界測地系(1KMメッシュ) | 人口及び世帯 1次メッシュ M3622"
"2","8003007205 | 令和２年国勢調査 世界測地系(1KMメッシュ) | 人口及び世帯 1次メッシュ M3623"
"3","8003007236 | 令和２年国勢調査 世界測地系(1KMメッシュ) | 人口及び世帯 1次メッシュ M3624"
"4","8003007198 | 令和２年国勢調査 世界測地系(1KMメッシュ) | 人口及び世帯 1次メッシュ M3653"
"5","8003007269 | 令和２年国勢調査 世界測地系(1KMメッシュ) | 人口及び世帯 1次メッシュ M3724"
"6","8003007183 | 令和２年国勢調査 世界測地系(1KMメッシュ) | 人口及び世帯 1次メッシュ M3725"
"7","8003007170 | 令和２年国勢調査 世界測地系(1KMメッシュ) | 人口及び世帯 1次メッシュ M3741"
"8","8003007280 | 令和２年国勢調査 世界測地系(1KMメッシュ) | 人口及び世帯 1次メッシュ M3831"
"9","8003007184 | 令和２年国勢調査 世界測地系(1KMメッシュ) | 人口及び世帯 1次メッシュ M3926"
"10","8003007268 | 令和２年国勢調査 世界測地系(1KMメッシュ) | 人口及び世帯 1次メッシュ M3927"
"11","8003007256 | 令和２年国勢調査 世界測地系(1KMメッシュ) | 人口及び世帯 1次メッシュ M3928"
"12","8003007211 | 令和２年国勢調査 世界測地系(1KMメッシュ) | 人口及び世帯 1次メッシュ M3942"
"13","8003007302 | 令和２年国勢調査 世界測地系(1KMメッシュ) | 人口及び世帯 1次メッシュ M4027"
"14","8003007257 | 令和２年国勢調査 世界測地系(1KMメッシュ) | 人口及び世帯 1次メッシュ M4028"
"15","8003007190 | 令和２年国勢調査 世界測地系(1KMメッシュ) | 人口及び世帯 1次メッシュ M4042"
"16","8003007237 | 令和２年国勢調査 世界測地系(1KMメッシュ) | 人口及び世帯 1次メッシュ M4128"
"17","8003007199 | 令和２年国勢調査 世界測地系(1KMメッシュ) | 人口及び世帯 1次メッシュ M4129"
"18","8003007295 | 令和２年国勢調査 世界測地系(1KMメッシュ) | 人口及び世帯 1次メッシュ M4229"
"19","8003007223 | 令和２年国勢調査 世界測地系(1KMメッシュ) | 人口及び世帯 1次メッシュ M4230"
"20","8003007282 | 令和２年国勢調査 世界測地系(1KMメッシュ) | 人口及び世帯 1次メッシュ M4329"
"21","8003007303 | 令和２年国勢調査 世界測地系(1KMメッシュ) | 人口及び世帯 1次メッシュ M4429"
"22","8003007281 | 令和２年国勢調査 世界測地系(1KMメッシュ) | 人口及び世帯 1次メッシュ M4530"
"23","8003007250 | 令和２年国勢調査 世界測地系(1KMメッシュ) | 人口及び世帯 1次メッシュ M4531"
"24","8003007270 | 令和２年国勢調査 世界測地系(1KMメッシュ) | 人口及び世帯 1次メッシュ M4629"
"25","8003007258 | 令和２年国勢調査 世界測地系(1KMメッシュ) | 人口及び世帯 1次メッシュ M4630"
"26","8003007191 | 令和２年国勢調査 世界測地系(1KMメッシュ) | 人口及び世帯 1次メッシュ M4631"
"27","8003007171 | 令和２年国勢調査 世界測地系(1KMメッシュ) | 人口及び世帯 1次メッシュ M4729"
"28","8003007251 | 令和２年国勢調査 世界測地系(1KMメッシュ) | 人口及び世帯 1次メッシュ M4730"
"29","8003007271 | 令和２年国勢調査 世界測地系(1KMメッシュ) | 人口及び世帯 1次メッシュ M4731"
"30","8003007185 | 令和２年国勢調査 世界測地系(1KMメッシュ) | 人口及び世帯 1次メッシュ M4828"
"31","8003007259 | 令和２年国勢調査 世界測地系(1KMメッシュ) | 人口及び世帯 1次メッシュ M4829"
"32","8003007206 | 令和２年国勢調査 世界測地系(1KMメッシュ) | 人口及び世帯 1次メッシュ M4830"
"33","8003007304 | 令和２年国勢調査 世界測地系(1KMメッシュ) | 人口及び世帯 1次メッシュ M4831"
"34","8003007176 | 令和２年国勢調査 世界測地系(1KMメッシュ) | 人口及び世帯 1次メッシュ M4839"
"35","8003007177 | 令和２年国勢調査 世界測地系(1KMメッシュ) | 人口及び世帯 1次メッシュ M4928"
"36","8003007160 | 令和２年国勢調査 世界測地系(1KMメッシュ) | 人口及び世帯 1次メッシュ M4929"
"37","8003007260 | 令和２年国勢調査 世界測地系(1KMメッシュ) | 人口及び世帯 1次メッシュ M4930"
"38","8003007161 | 令和２年国勢調査 世界測地系(1KMメッシュ) | 人口及び世帯 1次メッシュ M4931"
"39","8003007305 | 令和２年国勢調査 世界測地系(1KMメッシュ) | 人口及び世帯 1次メッシュ M4932"
"40","8003007283 | 令和２年国勢調査 世界測地系(1KMメッシュ) | 人口及び世帯 1次メッシュ M4933"
"41","8003007272 | 令和２年国勢調査 世界測地系(1KMメッシュ) | 人口及び世帯 1次メッシュ M4934"
"42","8003007201 | 令和２年国勢調査 世界測地系(1KMメッシュ) | 人口及び世帯 1次メッシュ M4939"
"43","8003007192 | 令和２年国勢調査 世界測地系(1KMメッシュ) | 人口及び世帯 1次メッシュ M5029"
"44","8003007200 | 令和２年国勢調査 世界測地系(1KMメッシュ) | 人口及び世帯 1次メッシュ M5030"
"45","8003007284 | 令和２年国勢調査 世界測地系(1KMメッシュ) | 人口及び世帯 1次メッシュ M5031"
"46","8003007212 | 令和２年国勢調査 世界測地系(1KMメッシュ) | 人口及び世帯 1次メッシュ M5032"
"47","8003007193 | 令和２年国勢調査 世界測地系(1KMメッシュ) | 人口及び世帯 1次メッシュ M5033"
"48","8003007207 | 令和２年国勢調査 世界測地系(1KMメッシュ) | 人口及び世帯 1次メッシュ M5034"
"49","8003007238 | 令和２年国勢調査 世界測地系(1KMメッシュ) | 人口及び世帯 1次メッシュ M5035"
"50","8003007239 | 令和２年国勢調査 世界測地系(1KMメッシュ) | 人口及び世帯 1次メッシュ M5036"
"51","8003007273 | 令和２年国勢調査 世界測地系(1KMメッシュ) | 人口及び世帯 1次メッシュ M5039"
"52","8003007285 | 令和２年国勢調査 世界測地系(1KMメッシュ) | 人口及び世帯 1次メッシュ M5129"
"53","8003007306 | 令和２年国勢調査 世界測地系(1KMメッシュ) | 人口及び世帯 1次メッシュ M5130"
"54","8003007172 | 令和２年国勢調査 世界測地系(1KMメッシュ) | 人口及び世帯 1次メッシュ M5131"
"55","8003007213 | 令和２年国勢調査 世界測地系(1KMメッシュ) | 人口及び世帯 1次メッシュ M5132"
"56","8003007286 | 令和２年国勢調査 世界測地系(1KMメッシュ) | 人口及び世帯 1次メッシュ M5133"
"57","8003007307 | 令和２年国勢調査 世界測地系(1KMメッシュ) | 人口及び世帯 1次メッシュ M5134"
"58","8003007173 | 令和２年国勢調査 世界測地系(1KMメッシュ) | 人口及び世帯 1次メッシュ M5135"
"59","8003007296 | 令和２年国勢調査 世界測地系(1KMメッシュ) | 人口及び世帯 1次メッシュ M5136"
"60","8003007297 | 令和２年国勢調査 世界測地系(1KMメッシュ) | 人口及び世帯 1次メッシュ M5137"
"61","8003007208 | 令和２年国勢調査 世界測地系(1KMメッシュ) | 人口及び世帯 1次メッシュ M5138"
"62","8003007224 | 令和２年国勢調査 世界測地系(1KMメッシュ) | 人口及び世帯 1次メッシュ M5139"
"63","8003007215 | 令和２年国勢調査 世界測地系(1KMメッシュ) | 人口及び世帯 1次メッシュ M5229"
"64","8003007214 | 令和２年国勢調査 世界測地系(1KMメッシュ) | 人口及び世帯 1次メッシュ M5231"
"65","8003007194 | 令和２年国勢調査 世界測地系(1KMメッシュ) | 人口及び世帯 1次メッシュ M5232"
"66","8003007240 | 令和２年国勢調査 世界測地系(1KMメッシュ) | 人口及び世帯 1次メッシュ M5233"
"67","8003007178 | 令和２年国勢調査 世界測地系(1KMメッシュ) | 人口及び世帯 1次メッシュ M5234"
"68","8003007225 | 令和２年国勢調査 世界測地系(1KMメッシュ) | 人口及び世帯 1次メッシュ M5235"
"69","8003007241 | 令和２年国勢調査 世界測地系(1KMメッシュ) | 人口及び世帯 1次メッシュ M5236"
"70","8003007274 | 令和２年国勢調査 世界測地系(1KMメッシュ) | 人口及び世帯 1次メッシュ M5237"
"71","8003007226 | 令和２年国勢調査 世界測地系(1KMメッシュ) | 人口及び世帯 1次メッシュ M5238"
"72","8003007195 | 令和２年国勢調査 世界測地系(1KMメッシュ) | 人口及び世帯 1次メッシュ M5239"
"73","8003007261 | 令和２年国勢調査 世界測地系(1KMメッシュ) | 人口及び世帯 1次メッシュ M5240"
"74","8003007228 | 令和２年国勢調査 世界測地系(1KMメッシュ) | 人口及び世帯 1次メッシュ M5332"
"75","8003007298 | 令和２年国勢調査 世界測地系(1KMメッシュ) | 人口及び世帯 1次メッシュ M5333"
"76","8003007227 | 令和２年国勢調査 世界測地系(1KMメッシュ) | 人口及び世帯 1次メッシュ M5334"
"77","8003007162 | 令和２年国勢調査 世界測地系(1KMメッシュ) | 人口及び世帯 1次メッシュ M5335"
"78","8003007196 | 令和２年国勢調査 世界測地系(1KMメッシュ) | 人口及び世帯 1次メッシュ M5336"
"79","8003007275 | 令和２年国勢調査 世界測地系(1KMメッシュ) | 人口及び世帯 1次メッシュ M5337"
"80","8003007252 | 令和２年国勢調査 世界測地系(1KMメッシュ) | 人口及び世帯 1次メッシュ M5338"
"81","8003007262 | 令和２年国勢調査 世界測地系(1KMメッシュ) | 人口及び世帯 1次メッシュ M5339"
"82","8003007216 | 令和２年国勢調査 世界測地系(1KMメッシュ) | 人口及び世帯 1次メッシュ M5340"
"83","8003007186 | 令和２年国勢調査 世界測地系(1KMメッシュ) | 人口及び世帯 1次メッシュ M5432"
"84","8003007253 | 令和２年国勢調査 世界測地系(1KMメッシュ) | 人口及び世帯 1次メッシュ M5433"
"85","8003007276 | 令和２年国勢調査 世界測地系(1KMメッシュ) | 人口及び世帯 1次メッシュ M5435"
"86","8003007217 | 令和２年国勢調査 世界測地系(1KMメッシュ) | 人口及び世帯 1次メッシュ M5436"
"87","8003007218 | 令和２年国勢調査 世界測地系(1KMメッシュ) | 人口及び世帯 1次メッシュ M5437"
"88","8003007308 | 令和２年国勢調査 世界測地系(1KMメッシュ) | 人口及び世帯 1次メッシュ M5438"
"89","8003007163 | 令和２年国勢調査 世界測地系(1KMメッシュ) | 人口及び世帯 1次メッシュ M5439"
"90","8003007242 | 令和２年国勢調査 世界測地系(1KMメッシュ) | 人口及び世帯 1次メッシュ M5440"
"91","8003007219 | 令和２年国勢調査 世界測地系(1KMメッシュ) | 人口及び世帯 1次メッシュ M5536"
"92","8003007287 | 令和２年国勢調査 世界測地系(1KMメッシュ) | 人口及び世帯 1次メッシュ M5537"
"93","8003007164 | 令和２年国勢調査 世界測地系(1KMメッシュ) | 人口及び世帯 1次メッシュ M5538"
"94","8003007243 | 令和２年国勢調査 世界測地系(1KMメッシュ) | 人口及び世帯 1次メッシュ M5539"
"95","8003007220 | 令和２年国勢調査 世界測地系(1KMメッシュ) | 人口及び世帯 1次メッシュ M5540"
"96","8003007277 | 令和２年国勢調査 世界測地系(1KMメッシュ) | 人口及び世帯 1次メッシュ M5541"
"97","8003007263 | 令和２年国勢調査 世界測地系(1KMメッシュ) | 人口及び世帯 1次メッシュ M5636"
"98","8003007197 | 令和２年国勢調査 世界測地系(1KMメッシュ) | 人口及び世帯 1次メッシュ M5637"
"99","8003007187 | 令和２年国勢調査 世界測地系(1KMメッシュ) | 人口及び世帯 1次メッシュ M5638"
"100","8003007288 | 令和２年国勢調査 世界測地系(1KMメッシュ) | 人口及び世帯 1次メッシュ M5639"
"101","8003007289 | 令和２年国勢調査 世界測地系(1KMメッシュ) | 人口及び世帯 1次メッシュ M5640"
"102","8003007202 | 令和２年国勢調査 世界測地系(1KMメッシュ) | 人口及び世帯 1次メッシュ M5641"
"103","8003007229 | 令和２年国勢調査 世界測地系(1KMメッシュ) | 人口及び世帯 1次メッシュ M5738"
"104","8003007231 | 令和２年国勢調査 世界測地系(1KMメッシュ) | 人口及び世帯 1次メッシュ M5739"
"105","8003007230 | 令和２年国勢調査 世界測地系(1KMメッシュ) | 人口及び世帯 1次メッシュ M5740"
"106","8003007179 | 令和２年国勢調査 世界測地系(1KMメッシュ) | 人口及び世帯 1次メッシュ M5741"
"107","8003007309 | 令和２年国勢調査 世界測地系(1KMメッシュ) | 人口及び世帯 1次メッシュ M5839"
"108","8003007203 | 令和２年国勢調査 世界測地系(1KMメッシュ) | 人口及び世帯 1次メッシュ M5840"
"109","8003007174 | 令和２年国勢調査 世界測地系(1KMメッシュ) | 人口及び世帯 1次メッシュ M5841"
"110","8003007264 | 令和２年国勢調査 世界測地系(1KMメッシュ) | 人口及び世帯 1次メッシュ M5939"
"111","8003007244 | 令和２年国勢調査 世界測地系(1KMメッシュ) | 人口及び世帯 1次メッシュ M5940"
"112","8003007232 | 令和２年国勢調査 世界測地系(1KMメッシュ) | 人口及び世帯 1次メッシュ M5941"
"113","8003007165 | 令和２年国勢調査 世界測地系(1KMメッシュ) | 人口及び世帯 1次メッシュ M5942"
"114","8003007233 | 令和２年国勢調査 世界測地系(1KMメッシュ) | 人口及び世帯 1次メッシュ M6039"
"115","8003007299 | 令和２年国勢調査 世界測地系(1KMメッシュ) | 人口及び世帯 1次メッシュ M6040"
"116","8003007175 | 令和２年国勢調査 世界測地系(1KMメッシュ) | 人口及び世帯 1次メッシュ M6041"
"117","8003007310 | 令和２年国勢調査 世界測地系(1KMメッシュ) | 人口及び世帯 1次メッシュ M6139"
"118","8003007247 | 令和２年国勢調査 世界測地系(1KMメッシュ) | 人口及び世帯 1次メッシュ M6140"
"119","8003007188 | 令和２年国勢調査 世界測地系(1KMメッシュ) | 人口及び世帯 1次メッシュ M6141"
"120","8003007180 | 令和２年国勢調査 世界測地系(1KMメッシュ) | 人口及び世帯 1次メッシュ M6239"
"121","8003007291 | 令和２年国勢調査 世界測地系(1KMメッシュ) | 人口及び世帯 1次メッシュ M6240"
"122","8003007235 | 令和２年国勢調査 世界測地系(1KMメッシュ) | 人口及び世帯 1次メッシュ M6241"
"123","8003007290 | 令和２年国勢調査 世界測地系(1KMメッシュ) | 人口及び世帯 1次メッシュ M6243"
"124","8003007265 | 令和２年国勢調査 世界測地系(1KMメッシュ) | 人口及び世帯 1次メッシュ M6339"
"125","8003007245 | 令和２年国勢調査 世界測地系(1KMメッシュ) | 人口及び世帯 1次メッシュ M6340"
"126","8003007234 | 令和２年国勢調査 世界測地系(1KMメッシュ) | 人口及び世帯 1次メッシュ M6341"
"127","8003007300 | 令和２年国勢調査 世界測地系(1KMメッシュ) | 人口及び世帯 1次メッシュ M6342"
"128","8003007167 | 令和２年国勢調査 世界測地系(1KMメッシュ) | 人口及び世帯 1次メッシュ M6343"
"129","8003007246 | 令和２年国勢調査 世界測地系(1KMメッシュ) | 人口及び世帯 1次メッシュ M6439"
"130","8003007166 | 令和２年国勢調査 世界測地系(1KMメッシュ) | 人口及び世帯 1次メッシュ M6440"
"131","8003007181 | 令和２年国勢調査 世界測地系(1KMメッシュ) | 人口及び世帯 1次メッシュ M6441"
"132","8003007292 | 令和２年国勢調査 世界測地系(1KMメッシュ) | 人口及び世帯 1次メッシュ M6442"
"133","8003007221 | 令和２年国勢調査 世界測地系(1KMメッシュ) | 人口及び世帯 1次メッシュ M6443"
"134","8003007293 | 令和２年国勢調査 世界測地系(1KMメッシュ) | 人口及び世帯 1次メッシュ M6444"
"135","8003007301 | 令和２年国勢調査 世界測地系(1KMメッシュ) | 人口及び世帯 1次メッシュ M6445"
"136","8003007222 | 令和２年国勢調査 世界測地系(1KMメッシュ) | 人口及び世帯 1次メッシュ M6540"
"137","8003007249 | 令和２年国勢調査 世界測地系(1KMメッシュ) | 人口及び世帯 1次メッシュ M6541"
"138","8003007168 | 令和２年国勢調査 世界測地系(1KMメッシュ) | 人口及び世帯 1次メッシュ M6542"
"139","8003007182 | 令和２年国勢調査 世界測地系(1KMメッシュ) | 人口及び世帯 1次メッシュ M6543"
"140","8003007254 | 令和２年国勢調査 世界測地系(1KMメッシュ) | 人口及び世帯 1次メッシュ M6544"
"141","8003007248 | 令和２年国勢調査 世界測地系(1KMメッシュ) | 人口及び世帯 1次メッシュ M6545"
"142","8003007279 | 令和２年国勢調査 世界測地系(1KMメッシュ) | 人口及び世帯 1次メッシュ M6641"
"143","8003007278 | 令和２年国勢調査 世界測地系(1KMメッシュ) | 人口及び世帯 1次メッシュ M6642"
"144","8003007209 | 令和２年国勢調査 世界測地系(1KMメッシュ) | 人口及び世帯 1次メッシュ M6643"
"145","8003007267 | 令和２年国勢調査 世界測地系(1KMメッシュ) | 人口及び世帯 1次メッシュ M6644"
"146","8003007210 | 令和２年国勢調査 世界測地系(1KMメッシュ) | 人口及び世帯 1次メッシュ M6645"
"147","8003007266 | 令和２年国勢調査 世界測地系(1KMメッシュ) | 人口及び世帯 1次メッシュ M6741"
"148","8003007204 | 令和２年国勢調査 世界測地系(1KMメッシュ) | 人口及び世帯 1次メッシュ M6742"
"149","8003007169 | 令和２年国勢調査 世界測地系(1KMメッシュ) | 人口及び世帯 1次メッシュ M6840"
"150","8003007189 | 令和２年国勢調査 世界測地系(1KMメッシュ) | 人口及び世帯 1次メッシュ M6841"
"151","8003007294 | 令和２年国勢調査 世界測地系(1KMメッシュ) | 人口及び世帯 1次メッシュ M6842"
"152","8003007448 | 令和２年国勢調査 世界測地系(500Mメッシュ) | 人口及び世帯 1次メッシュ M3622"
"153","8003007340 | 令和２年国勢調査 世界測地系(500Mメッシュ) | 人口及び世帯 1次メッシュ M3623"
"154","8003007447 | 令和２年国勢調査 世界測地系(500Mメッシュ) | 人口及び世帯 1次メッシュ M3624"
"155","8003007404 | 令和２年国勢調査 世界測地系(500Mメッシュ) | 人口及び世帯 1次メッシュ M3653"
"156","8003007459 | 令和２年国勢調査 世界測地系(500Mメッシュ) | 人口及び世帯 1次メッシュ M3724"
"157","8003007341 | 令和２年国勢調査 世界測地系(500Mメッシュ) | 人口及び世帯 1次メッシュ M3725"
"158","8003007328 | 令和２年国勢調査 世界測地系(500Mメッシュ) | 人口及び世帯 1次メッシュ M3741"
"159","8003007426 | 令和２年国勢調査 世界測地系(500Mメッシュ) | 人口及び世帯 1次メッシュ M3831"
"160","8003007320 | 令和２年国勢調査 世界測地系(500Mメッシュ) | 人口及び世帯 1次メッシュ M3926"
"161","8003007460 | 令和２年国勢調査 世界測地系(500Mメッシュ) | 人口及び世帯 1次メッシュ M3927"
"162","8003007418 | 令和２年国勢調査 世界測地系(500Mメッシュ) | 人口及び世帯 1次メッシュ M3928"
"163","8003007358 | 令和２年国勢調査 世界測地系(500Mメッシュ) | 人口及び世帯 1次メッシュ M3942"
"164","8003007411 | 令和２年国勢調査 世界測地系(500Mメッシュ) | 人口及び世帯 1次メッシュ M4027"
"165","8003007427 | 令和２年国勢調査 世界測地系(500Mメッシュ) | 人口及び世帯 1次メッシュ M4028"
"166","8003007384 | 令和２年国勢調査 世界測地系(500Mメッシュ) | 人口及び世帯 1次メッシュ M4042"
"167","8003007329 | 令和２年国勢調査 世界測地系(500Mメッシュ) | 人口及び世帯 1次メッシュ M4128"
"168","8003007428 | 令和２年国勢調査 世界測地系(500Mメッシュ) | 人口及び世帯 1次メッシュ M4129"
"169","8003007330 | 令和２年国勢調査 世界測地系(500Mメッシュ) | 人口及び世帯 1次メッシュ M4229"
"170","8003007331 | 令和２年国勢調査 世界測地系(500Mメッシュ) | 人口及び世帯 1次メッシュ M4230"
"171","8003007439 | 令和２年国勢調査 世界測地系(500Mメッシュ) | 人口及び世帯 1次メッシュ M4329"
"172","8003007359 | 令和２年国勢調査 世界測地系(500Mメッシュ) | 人口及び世帯 1次メッシュ M4429"
"173","8003007380 | 令和２年国勢調査 世界測地系(500Mメッシュ) | 人口及び世帯 1次メッシュ M4530"
"174","8003007395 | 令和２年国勢調査 世界測地系(500Mメッシュ) | 人口及び世帯 1次メッシュ M4531"
"175","8003007461 | 令和２年国勢調査 世界測地系(500Mメッシュ) | 人口及び世帯 1次メッシュ M4629"
"176","8003007396 | 令和２年国勢調査 世界測地系(500Mメッシュ) | 人口及び世帯 1次メッシュ M4630"
"177","8003007420 | 令和２年国勢調査 世界測地系(500Mメッシュ) | 人口及び世帯 1次メッシュ M4631"
"178","8003007360 | 令和２年国勢調査 世界測地系(500Mメッシュ) | 人口及び世帯 1次メッシュ M4729"
"179","8003007419 | 令和２年国勢調査 世界測地系(500Mメッシュ) | 人口及び世帯 1次メッシュ M4730"
"180","8003007421 | 令和２年国勢調査 世界測地系(500Mメッシュ) | 人口及び世帯 1次メッシュ M4731"
"181","8003007412 | 令和２年国勢調査 世界測地系(500Mメッシュ) | 人口及び世帯 1次メッシュ M4828"
"182","8003007429 | 令和２年国勢調査 世界測地系(500Mメッシュ) | 人口及び世帯 1次メッシュ M4829"
"183","8003007449 | 令和２年国勢調査 世界測地系(500Mメッシュ) | 人口及び世帯 1次メッシュ M4830"
"184","8003007422 | 令和２年国勢調査 世界測地系(500Mメッシュ) | 人口及び世帯 1次メッシュ M4831"
"185","8003007348 | 令和２年国勢調査 世界測地系(500Mメッシュ) | 人口及び世帯 1次メッシュ M4839"
"186","8003007405 | 令和２年国勢調査 世界測地系(500Mメッシュ) | 人口及び世帯 1次メッシュ M4928"
"187","8003007385 | 令和２年国勢調査 世界測地系(500Mメッシュ) | 人口及び世帯 1次メッシュ M4929"
"188","8003007462 | 令和２年国勢調査 世界測地系(500Mメッシュ) | 人口及び世帯 1次メッシュ M4930"
"189","8003007397 | 令和２年国勢調査 世界測地系(500Mメッシュ) | 人口及び世帯 1次メッシュ M4931"
"190","8003007423 | 令和２年国勢調査 世界測地系(500Mメッシュ) | 人口及び世帯 1次メッシュ M4932"
"191","8003007369 | 令和２年国勢調査 世界測地系(500Mメッシュ) | 人口及び世帯 1次メッシュ M4933"
"192","8003007349 | 令和２年国勢調査 世界測地系(500Mメッシュ) | 人口及び世帯 1次メッシュ M4934"
"193","8003007343 | 令和２年国勢調査 世界測地系(500Mメッシュ) | 人口及び世帯 1次メッシュ M4939"
"194","8003007342 | 令和２年国勢調査 世界測地系(500Mメッシュ) | 人口及び世帯 1次メッシュ M5029"
"195","8003007321 | 令和２年国勢調査 世界測地系(500Mメッシュ) | 人口及び世帯 1次メッシュ M5030"
"196","8003007398 | 令和２年国勢調査 世界測地系(500Mメッシュ) | 人口及び世帯 1次メッシュ M5031"
"197","8003007413 | 令和２年国勢調査 世界測地系(500Mメッシュ) | 人口及び世帯 1次メッシュ M5032"
"198","8003007399 | 令和２年国勢調査 世界測地系(500Mメッシュ) | 人口及び世帯 1次メッシュ M5033"
"199","8003007450 | 令和２年国勢調査 世界測地系(500Mメッシュ) | 人口及び世帯 1次メッシュ M5034"
"200","8003007361 | 令和２年国勢調査 世界測地系(500Mメッシュ) | 人口及び世帯 1次メッシュ M5035"
"201","8003007463 | 令和２年国勢調査 世界測地系(500Mメッシュ) | 人口及び世帯 1次メッシュ M5036"
"202","8003007441 | 令和２年国勢調査 世界測地系(500Mメッシュ) | 人口及び世帯 1次メッシュ M5039"
"203","8003007430 | 令和２年国勢調査 世界測地系(500Mメッシュ) | 人口及び世帯 1次メッシュ M5129"
"204","8003007440 | 令和２年国勢調査 世界測地系(500Mメッシュ) | 人口及び世帯 1次メッシュ M5130"
"205","8003007322 | 令和２年国勢調査 世界測地系(500Mメッシュ) | 人口及び世帯 1次メッシュ M5131"
"206","8003007431 | 令和２年国勢調査 世界測地系(500Mメッシュ) | 人口及び世帯 1次メッシュ M5132"
"207","8003007464 | 令和２年国勢調査 世界測地系(500Mメッシュ) | 人口及び世帯 1次メッシュ M5133"
"208","8003007370 | 令和２年国勢調査 世界測地系(500Mメッシュ) | 人口及び世帯 1次メッシュ M5134"
"209","8003007386 | 令和２年国勢調査 世界測地系(500Mメッシュ) | 人口及び世帯 1次メッシュ M5135"
"210","8003007424 | 令和２年国勢調査 世界測地系(500Mメッシュ) | 人口及び世帯 1次メッシュ M5136"
"211","8003007332 | 令和２年国勢調査 世界測地系(500Mメッシュ) | 人口及び世帯 1次メッシュ M5137"
"212","8003007371 | 令和２年国勢調査 世界測地系(500Mメッシュ) | 人口及び世帯 1次メッシュ M5138"
"213","8003007432 | 令和２年国勢調査 世界測地系(500Mメッシュ) | 人口及び世帯 1次メッシュ M5139"
"214","8003007451 | 令和２年国勢調査 世界測地系(500Mメッシュ) | 人口及び世帯 1次メッシュ M5229"
"215","8003007400 | 令和２年国勢調査 世界測地系(500Mメッシュ) | 人口及び世帯 1次メッシュ M5231"
"216","8003007350 | 令和２年国勢調査 世界測地系(500Mメッシュ) | 人口及び世帯 1次メッシュ M5232"
"217","8003007323 | 令和２年国勢調査 世界測地系(500Mメッシュ) | 人口及び世帯 1次メッシュ M5233"
"218","8003007351 | 令和２年国勢調査 世界測地系(500Mメッシュ) | 人口及び世帯 1次メッシュ M5234"
"219","8003007433 | 令和２年国勢調査 世界測地系(500Mメッシュ) | 人口及び世帯 1次メッシュ M5235"
"220","8003007324 | 令和２年国勢調査 世界測地系(500Mメッシュ) | 人口及び世帯 1次メッシュ M5236"
"221","8003007401 | 令和２年国勢調査 世界測地系(500Mメッシュ) | 人口及び世帯 1次メッシュ M5237"
"222","8003007387 | 令和２年国勢調査 世界測地系(500Mメッシュ) | 人口及び世帯 1次メッシュ M5238"
"223","8003007372 | 令和２年国勢調査 世界測地系(500Mメッシュ) | 人口及び世帯 1次メッシュ M5239"
"224","8003007344 | 令和２年国勢調査 世界測地系(500Mメッシュ) | 人口及び世帯 1次メッシュ M5240"
"225","8003007414 | 令和２年国勢調査 世界測地系(500Mメッシュ) | 人口及び世帯 1次メッシュ M5332"
"226","8003007352 | 令和２年国勢調査 世界測地系(500Mメッシュ) | 人口及び世帯 1次メッシュ M5333"
"227","8003007362 | 令和２年国勢調査 世界測地系(500Mメッシュ) | 人口及び世帯 1次メッシュ M5334"
"228","8003007406 | 令和２年国勢調査 世界測地系(500Mメッシュ) | 人口及び世帯 1次メッシュ M5335"
"229","8003007434 | 令和２年国勢調査 世界測地系(500Mメッシュ) | 人口及び世帯 1次メッシュ M5336"
"230","8003007435 | 令和２年国勢調査 世界測地系(500Mメッシュ) | 人口及び世帯 1次メッシュ M5337"
"231","8003007353 | 令和２年国勢調査 世界測地系(500Mメッシュ) | 人口及び世帯 1次メッシュ M5338"
"232","8003007402 | 令和２年国勢調査 世界測地系(500Mメッシュ) | 人口及び世帯 1次メッシュ M5339"
"233","8003007442 | 令和２年国勢調査 世界測地系(500Mメッシュ) | 人口及び世帯 1次メッシュ M5340"
"234","8003007381 | 令和２年国勢調査 世界測地系(500Mメッシュ) | 人口及び世帯 1次メッシュ M5432"
"235","8003007373 | 令和２年国勢調査 世界測地系(500Mメッシュ) | 人口及び世帯 1次メッシュ M5433"
"236","8003007407 | 令和２年国勢調査 世界測地系(500Mメッシュ) | 人口及び世帯 1次メッシュ M5435"
"237","8003007452 | 令和２年国勢調査 世界測地系(500Mメッシュ) | 人口及び世帯 1次メッシュ M5436"
"238","8003007333 | 令和２年国勢調査 世界測地系(500Mメッシュ) | 人口及び世帯 1次メッシュ M5437"
"239","8003007334 | 令和２年国勢調査 世界測地系(500Mメッシュ) | 人口及び世帯 1次メッシュ M5438"
"240","8003007325 | 令和２年国勢調査 世界測地系(500Mメッシュ) | 人口及び世帯 1次メッシュ M5439"
"241","8003007374 | 令和２年国勢調査 世界測地系(500Mメッシュ) | 人口及び世帯 1次メッシュ M5440"
"242","8003007388 | 令和２年国勢調査 世界測地系(500Mメッシュ) | 人口及び世帯 1次メッシュ M5536"
"243","8003007425 | 令和２年国勢調査 世界測地系(500Mメッシュ) | 人口及び世帯 1次メッシュ M5537"
"244","8003007382 | 令和２年国勢調査 世界測地系(500Mメッシュ) | 人口及び世帯 1次メッシュ M5538"
"245","8003007443 | 令和２年国勢調査 世界測地系(500Mメッシュ) | 人口及び世帯 1次メッシュ M5539"
"246","8003007335 | 令和２年国勢調査 世界測地系(500Mメッシュ) | 人口及び世帯 1次メッシュ M5540"
"247","8003007354 | 令和２年国勢調査 世界測地系(500Mメッシュ) | 人口及び世帯 1次メッシュ M5541"
"248","8003007444 | 令和２年国勢調査 世界測地系(500Mメッシュ) | 人口及び世帯 1次メッシュ M5636"
"249","8003007363 | 令和２年国勢調査 世界測地系(500Mメッシュ) | 人口及び世帯 1次メッシュ M5637"
"250","8003007389 | 令和２年国勢調査 世界測地系(500Mメッシュ) | 人口及び世帯 1次メッシュ M5638"
"251","8003007465 | 令和２年国勢調査 世界測地系(500Mメッシュ) | 人口及び世帯 1次メッシュ M5639"
"252","8003007466 | 令和２年国勢調査 世界測地系(500Mメッシュ) | 人口及び世帯 1次メッシュ M5640"
"253","8003007376 | 令和２年国勢調査 世界測地系(500Mメッシュ) | 人口及び世帯 1次メッシュ M5641"
"254","8003007390 | 令和２年国勢調査 世界測地系(500Mメッシュ) | 人口及び世帯 1次メッシュ M5738"
"255","8003007375 | 令和２年国勢調査 世界測地系(500Mメッシュ) | 人口及び世帯 1次メッシュ M5739"
"256","8003007355 | 令和２年国勢調査 世界測地系(500Mメッシュ) | 人口及び世帯 1次メッシュ M5740"
"257","8003007364 | 令和２年国勢調査 世界測地系(500Mメッシュ) | 人口及び世帯 1次メッシュ M5741"
"258","8003007365 | 令和２年国勢調査 世界測地系(500Mメッシュ) | 人口及び世帯 1次メッシュ M5839"
"259","8003007469 | 令和２年国勢調査 世界測地系(500Mメッシュ) | 人口及び世帯 1次メッシュ M5840"
"260","8003007377 | 令和２年国勢調査 世界測地系(500Mメッシュ) | 人口及び世帯 1次メッシュ M5841"
"261","8003007408 | 令和２年国勢調査 世界測地系(500Mメッシュ) | 人口及び世帯 1次メッシュ M5939"
"262","8003007336 | 令和２年国勢調査 世界測地系(500Mメッシュ) | 人口及び世帯 1次メッシュ M5940"
"263","8003007467 | 令和２年国勢調査 世界測地系(500Mメッシュ) | 人口及び世帯 1次メッシュ M5941"
"264","8003007345 | 令和２年国勢調査 世界測地系(500Mメッシュ) | 人口及び世帯 1次メッシュ M5942"
"265","8003007415 | 令和２年国勢調査 世界測地系(500Mメッシュ) | 人口及び世帯 1次メッシュ M6039"
"266","8003007409 | 令和２年国勢調査 世界測地系(500Mメッシュ) | 人口及び世帯 1次メッシュ M6040"
"267","8003007391 | 令和２年国勢調査 世界測地系(500Mメッシュ) | 人口及び世帯 1次メッシュ M6041"
"268","8003007454 | 令和２年国勢調査 世界測地系(500Mメッシュ) | 人口及び世帯 1次メッシュ M6139"
"269","8003007356 | 令和２年国勢調査 世界測地系(500Mメッシュ) | 人口及び世帯 1次メッシュ M6140"
"270","8003007453 | 令和２年国勢調査 世界測地系(500Mメッシュ) | 人口及び世帯 1次メッシュ M6141"
"271","8003007416 | 令和２年国勢調査 世界測地系(500Mメッシュ) | 人口及び世帯 1次メッシュ M6239"
"272","8003007457 | 令和２年国勢調査 世界測地系(500Mメッシュ) | 人口及び世帯 1次メッシュ M6240"
"273","8003007378 | 令和２年国勢調査 世界測地系(500Mメッシュ) | 人口及び世帯 1次メッシュ M6241"
"274","8003007326 | 令和２年国勢調査 世界測地系(500Mメッシュ) | 人口及び世帯 1次メッシュ M6243"
"275","8003007403 | 令和２年国勢調査 世界測地系(500Mメッシュ) | 人口及び世帯 1次メッシュ M6339"
"276","8003007458 | 令和２年国勢調査 世界測地系(500Mメッシュ) | 人口及び世帯 1次メッシュ M6340"
"277","8003007455 | 令和２年国勢調査 世界測地系(500Mメッシュ) | 人口及び世帯 1次メッシュ M6341"
"278","8003007456 | 令和２年国勢調査 世界測地系(500Mメッシュ) | 人口及び世帯 1次メッシュ M6342"
"279","8003007346 | 令和２年国勢調査 世界測地系(500Mメッシュ) | 人口及び世帯 1次メッシュ M6343"
"280","8003007337 | 令和２年国勢調査 世界測地系(500Mメッシュ) | 人口及び世帯 1次メッシュ M6439"
"281","8003007468 | 令和２年国勢調査 世界測地系(500Mメッシュ) | 人口及び世帯 1次メッシュ M6440"
"282","8003007366 | 令和２年国勢調査 世界測地系(500Mメッシュ) | 人口及び世帯 1次メッシュ M6441"
"283","8003007438 | 令和２年国勢調査 世界測地系(500Mメッシュ) | 人口及び世帯 1次メッシュ M6442"
"284","8003007445 | 令和２年国勢調査 世界測地系(500Mメッシュ) | 人口及び世帯 1次メッシュ M6443"
"285","8003007393 | 令和２年国勢調査 世界測地系(500Mメッシュ) | 人口及び世帯 1次メッシュ M6444"
"286","8003007394 | 令和２年国勢調査 世界測地系(500Mメッシュ) | 人口及び世帯 1次メッシュ M6445"
"287","8003007446 | 令和２年国勢調査 世界測地系(500Mメッシュ) | 人口及び世帯 1次メッシュ M6540"
"288","8003007436 | 令和２年国勢調査 世界測地系(500Mメッシュ) | 人口及び世帯 1次メッシュ M6541"
"289","8003007357 | 令和２年国勢調査 世界測地系(500Mメッシュ) | 人口及び世帯 1次メッシュ M6542"
"290","8003007392 | 令和２年国勢調査 世界測地系(500Mメッシュ) | 人口及び世帯 1次メッシュ M6543"
"291","8003007410 | 令和２年国勢調査 世界測地系(500Mメッシュ) | 人口及び世帯 1次メッシュ M6544"
"292","8003007417 | 令和２年国勢調査 世界測地系(500Mメッシュ) | 人口及び世帯 1次メッシュ M6545"
"293","8003007338 | 令和２年国勢調査 世界測地系(500Mメッシュ) | 人口及び世帯 1次メッシュ M6641"
"294","8003007379 | 令和２年国勢調査 世界測地系(500Mメッシュ) | 人口及び世帯 1次メッシュ M6642"
"295","8003007437 | 令和２年国勢調査 世界測地系(500Mメッシュ) | 人口及び世帯 1次メッシュ M6643"
"296","8003007347 | 令和２年国勢調査 世界測地系(500Mメッシュ) | 人口及び世帯 1次メッシュ M6644"
"297","8003007327 | 令和２年国勢調査 世界測地系(500Mメッシュ) | 人口及び世帯 1次メッシュ M6645"
"298","8003007367 | 令和２年国勢調査 世界測地系(500Mメッシュ) | 人口及び世帯 1次メッシュ M6741"
"299","8003007368 | 令和２年国勢調査 世界測地系(500Mメッシュ) | 人口及び世帯 1次メッシュ M6742"
"300","8003007339 | 令和２年国勢調査 世界測地系(500Mメッシュ) | 人口及び世帯 1次メッシュ M6840"
"301","8003007470 | 令和２年国勢調査 世界測地系(500Mメッシュ) | 人口及び世帯 1次メッシュ M6841"
"302","8003007383 | 令和２年国勢調査 世界測地系(500Mメッシュ) | 人口及び世帯 1次メッシュ M6842"
"303","8003007593 | 令和２年国勢調査 世界測地系(250Mメッシュ) | 人口及び世帯 1次メッシュ M3622"
"304","8003007549 | 令和２年国勢調査 世界測地系(250Mメッシュ) | 人口及び世帯 1次メッシュ M3623"
"305","8003007542 | 令和２年国勢調査 世界測地系(250Mメッシュ) | 人口及び世帯 1次メッシュ M3624"
"306","8003007508 | 令和２年国勢調査 世界測地系(250Mメッシュ) | 人口及び世帯 1次メッシュ M3653"
"307","8003007513 | 令和２年国勢調査 世界測地系(250Mメッシュ) | 人口及び世帯 1次メッシュ M3724"
"308","8003007492 | 令和２年国勢調査 世界測地系(250Mメッシュ) | 人口及び世帯 1次メッシュ M3725"
"309","8003007590 | 令和２年国勢調査 世界測地系(250Mメッシュ) | 人口及び世帯 1次メッシュ M3741"
"310","8003007316 | 令和２年国勢調査 世界測地系(250Mメッシュ) | 人口及び世帯 1次メッシュ M3831"
"311","8003007486 | 令和２年国勢調査 世界測地系(250Mメッシュ) | 人口及び世帯 1次メッシュ M3926"
"312","8003007485 | 令和２年国勢調査 世界測地系(250Mメッシュ) | 人口及び世帯 1次メッシュ M3927"
"313","8003007616 | 令和２年国勢調査 世界測地系(250Mメッシュ) | 人口及び世帯 1次メッシュ M3928"
"314","8003007529 | 令和２年国勢調査 世界測地系(250Mメッシュ) | 人口及び世帯 1次メッシュ M3942"
"315","8003007604 | 令和２年国勢調査 世界測地系(250Mメッシュ) | 人口及び世帯 1次メッシュ M4027"
"316","8003007553 | 令和２年国勢調査 世界測地系(250Mメッシュ) | 人口及び世帯 1次メッシュ M4028"
"317","8003007578 | 令和２年国勢調査 世界測地系(250Mメッシュ) | 人口及び世帯 1次メッシュ M4042"
"318","8003007546 | 令和２年国勢調査 世界測地系(250Mメッシュ) | 人口及び世帯 1次メッシュ M4128"
"319","8003007311 | 令和２年国勢調査 世界測地系(250Mメッシュ) | 人口及び世帯 1次メッシュ M4129"
"320","8003007547 | 令和２年国勢調査 世界測地系(250Mメッシュ) | 人口及び世帯 1次メッシュ M4229"
"321","8003007487 | 令和２年国勢調査 世界測地系(250Mメッシュ) | 人口及び世帯 1次メッシュ M4230"
"322","8003007534 | 令和２年国勢調査 世界測地系(250Mメッシュ) | 人口及び世帯 1次メッシュ M4329"
"323","8003007594 | 令和２年国勢調査 世界測地系(250Mメッシュ) | 人口及び世帯 1次メッシュ M4429"
"324","8003007615 | 令和２年国勢調査 世界測地系(250Mメッシュ) | 人口及び世帯 1次メッシュ M4530"
"325","8003007579 | 令和２年国勢調査 世界測地系(250Mメッシュ) | 人口及び世帯 1次メッシュ M4531"
"326","8003007521 | 令和２年国勢調査 世界測地系(250Mメッシュ) | 人口及び世帯 1次メッシュ M4629"
"327","8003007317 | 令和２年国勢調査 世界測地系(250Mメッシュ) | 人口及び世帯 1次メッシュ M4630"
"328","8003007312 | 令和２年国勢調査 世界測地系(250Mメッシュ) | 人口及び世帯 1次メッシュ M4631"
"329","8003007509 | 令和２年国勢調査 世界測地系(250Mメッシュ) | 人口及び世帯 1次メッシュ M4729"
"330","8003007617 | 令和２年国勢調査 世界測地系(250Mメッシュ) | 人口及び世帯 1次メッシュ M4730"
"331","8003007558 | 令和２年国勢調査 世界測地系(250Mメッシュ) | 人口及び世帯 1次メッシュ M4731"
"332","8003007535 | 令和２年国勢調査 世界測地系(250Mメッシュ) | 人口及び世帯 1次メッシュ M4828"
"333","8003007588 | 令和２年国勢調査 世界測地系(250Mメッシュ) | 人口及び世帯 1次メッシュ M4829"
"334","8003007493 | 令和２年国勢調査 世界測地系(250Mメッシュ) | 人口及び世帯 1次メッシュ M4830"
"335","8003007595 | 令和２年国勢調査 世界測地系(250Mメッシュ) | 人口及び世帯 1次メッシュ M4831"
"336","8003007319 | 令和２年国勢調査 世界測地系(250Mメッシュ) | 人口及び世帯 1次メッシュ M4839"
"337","8003007568 | 令和２年国勢調査 世界測地系(250Mメッシュ) | 人口及び世帯 1次メッシュ M4928"
"338","8003007514 | 令和２年国勢調査 世界測地系(250Mメッシュ) | 人口及び世帯 1次メッシュ M4929"
"339","8003007580 | 令和２年国勢調査 世界測地系(250Mメッシュ) | 人口及び世帯 1次メッシュ M4930"
"340","8003007606 | 令和２年国勢調査 世界測地系(250Mメッシュ) | 人口及び世帯 1次メッシュ M4931"
"341","8003007559 | 令和２年国勢調査 世界測地系(250Mメッシュ) | 人口及び世帯 1次メッシュ M4932"
"342","8003007571 | 令和２年国勢調査 世界測地系(250Mメッシュ) | 人口及び世帯 1次メッシュ M4933"
"343","8003007607 | 令和２年国勢調査 世界測地系(250Mメッシュ) | 人口及び世帯 1次メッシュ M4934"
"344","8003007608 | 令和２年国勢調査 世界測地系(250Mメッシュ) | 人口及び世帯 1次メッシュ M4939"
"345","8003007596 | 令和２年国勢調査 世界測地系(250Mメッシュ) | 人口及び世帯 1次メッシュ M5029"
"346","8003007591 | 令和２年国勢調査 世界測地系(250Mメッシュ) | 人口及び世帯 1次メッシュ M5030"
"347","8003007597 | 令和２年国勢調査 世界測地系(250Mメッシュ) | 人口及び世帯 1次メッシュ M5031"
"348","8003007313 | 令和２年国勢調査 世界測地系(250Mメッシュ) | 人口及び世帯 1次メッシュ M5032"
"349","8003007560 | 令和２年国勢調査 世界測地系(250Mメッシュ) | 人口及び世帯 1次メッシュ M5033"
"350","8003007522 | 令和２年国勢調査 世界測地系(250Mメッシュ) | 人口及び世帯 1次メッシュ M5034"
"351","8003007523 | 令和２年国勢調査 世界測地系(250Mメッシュ) | 人口及び世帯 1次メッシュ M5035"
"352","8003007598 | 令和２年国勢調査 世界測地系(250Mメッシュ) | 人口及び世帯 1次メッシュ M5036"
"353","8003007536 | 令和２年国勢調査 世界測地系(250Mメッシュ) | 人口及び世帯 1次メッシュ M5039"
"354","8003007561 | 令和２年国勢調査 世界測地系(250Mメッシュ) | 人口及び世帯 1次メッシュ M5129"
"355","8003007581 | 令和２年国勢調査 世界測地系(250Mメッシュ) | 人口及び世帯 1次メッシュ M5130"
"356","8003007488 | 令和２年国勢調査 世界測地系(250Mメッシュ) | 人口及び世帯 1次メッシュ M5131"
"357","8003007569 | 令和２年国勢調査 世界測地系(250Mメッシュ) | 人口及び世帯 1次メッシュ M5132"
"358","8003007480 | 令和２年国勢調査 世界測地系(250Mメッシュ) | 人口及び世帯 1次メッシュ M5133"
"359","8003007572 | 令和２年国勢調査 世界測地系(250Mメッシュ) | 人口及び世帯 1次メッシュ M5134"
"360","8003007503 | 令和２年国勢調査 世界測地系(250Mメッシュ) | 人口及び世帯 1次メッシュ M5135"
"361","8003007515 | 令和２年国勢調査 世界測地系(250Mメッシュ) | 人口及び世帯 1次メッシュ M5136"
"362","8003007504 | 令和２年国勢調査 世界測地系(250Mメッシュ) | 人口及び世帯 1次メッシュ M5137"
"363","8003007543 | 令和２年国勢調査 世界測地系(250Mメッシュ) | 人口及び世帯 1次メッシュ M5138"
"364","8003007550 | 令和２年国勢調査 世界測地系(250Mメッシュ) | 人口及び世帯 1次メッシュ M5139"
"365","8003007583 | 令和２年国勢調査 世界測地系(250Mメッシュ) | 人口及び世帯 1次メッシュ M5229"
"366","8003007489 | 令和２年国勢調査 世界測地系(250Mメッシュ) | 人口及び世帯 1次メッシュ M5231"
"367","8003007618 | 令和２年国勢調査 世界測地系(250Mメッシュ) | 人口及び世帯 1次メッシュ M5232"
"368","8003007609 | 令和２年国勢調査 世界測地系(250Mメッシュ) | 人口及び世帯 1次メッシュ M5233"
"369","8003007524 | 令和２年国勢調査 世界測地系(250Mメッシュ) | 人口及び世帯 1次メッシュ M5234"
"370","8003007505 | 令和２年国勢調査 世界測地系(250Mメッシュ) | 人口及び世帯 1次メッシュ M5235"
"371","8003007516 | 令和２年国勢調査 世界測地系(250Mメッシュ) | 人口及び世帯 1次メッシュ M5236"
"372","8003007500 | 令和２年国勢調査 世界測地系(250Mメッシュ) | 人口及び世帯 1次メッシュ M5237"
"373","8003007510 | 令和２年国勢調査 世界測地系(250Mメッシュ) | 人口及び世帯 1次メッシュ M5238"
"374","8003007517 | 令和２年国勢調査 世界測地系(250Mメッシュ) | 人口及び世帯 1次メッシュ M5239"
"375","8003007314 | 令和２年国勢調査 世界測地系(250Mメッシュ) | 人口及び世帯 1次メッシュ M5240"
"376","8003007530 | 令和２年国勢調査 世界測地系(250Mメッシュ) | 人口及び世帯 1次メッシュ M5332"
"377","8003007497 | 令和２年国勢調査 世界測地系(250Mメッシュ) | 人口及び世帯 1次メッシュ M5333"
"378","8003007605 | 令和２年国勢調査 世界測地系(250Mメッシュ) | 人口及び世帯 1次メッシュ M5334"
"379","8003007315 | 令和２年国勢調査 世界測地系(250Mメッシュ) | 人口及び世帯 1次メッシュ M5335"
"380","8003007575 | 令和２年国勢調査 世界測地系(250Mメッシュ) | 人口及び世帯 1次メッシュ M5336"
"381","8003007506 | 令和２年国勢調査 世界測地系(250Mメッシュ) | 人口及び世帯 1次メッシュ M5337"
"382","8003007562 | 令和２年国勢調査 世界測地系(250Mメッシュ) | 人口及び世帯 1次メッシュ M5338"
"383","8003007573 | 令和２年国勢調査 世界測地系(250Mメッシュ) | 人口及び世帯 1次メッシュ M5339"
"384","8003007518 | 令和２年国勢調査 世界測地系(250Mメッシュ) | 人口及び世帯 1次メッシュ M5340"
"385","8003007519 | 令和２年国勢調査 世界測地系(250Mメッシュ) | 人口及び世帯 1次メッシュ M5432"
"386","8003007599 | 令和２年国勢調査 世界測地系(250Mメッシュ) | 人口及び世帯 1次メッシュ M5433"
"387","8003007511 | 令和２年国勢調査 世界測地系(250Mメッシュ) | 人口及び世帯 1次メッシュ M5435"
"388","8003007481 | 令和２年国勢調査 世界測地系(250Mメッシュ) | 人口及び世帯 1次メッシュ M5436"
"389","8003007584 | 令和２年国勢調査 世界測地系(250Mメッシュ) | 人口及び世帯 1次メッシュ M5437"
"390","8003007610 | 令和２年国勢調査 世界測地系(250Mメッシュ) | 人口及び世帯 1次メッシュ M5438"
"391","8003007589 | 令和２年国勢調査 世界測地系(250Mメッシュ) | 人口及び世帯 1次メッシュ M5439"
"392","8003007611 | 令和２年国勢調査 世界測地系(250Mメッシュ) | 人口及び世帯 1次メッシュ M5440"
"393","8003007482 | 令和２年国勢調査 世界測地系(250Mメッシュ) | 人口及び世帯 1次メッシュ M5536"
"394","8003007563 | 令和２年国勢調査 世界測地系(250Mメッシュ) | 人口及び世帯 1次メッシュ M5537"
"395","8003007551 | 令和２年国勢調査 世界測地系(250Mメッシュ) | 人口及び世帯 1次メッシュ M5538"
"396","8003007531 | 令和２年国勢調査 世界測地系(250Mメッシュ) | 人口及び世帯 1次メッシュ M5539"
"397","8003007494 | 令和２年国勢調査 世界測地系(250Mメッシュ) | 人口及び世帯 1次メッシュ M5540"
"398","8003007544 | 令和２年国勢調査 世界測地系(250Mメッシュ) | 人口及び世帯 1次メッシュ M5541"
"399","8003007498 | 令和２年国勢調査 世界測地系(250Mメッシュ) | 人口及び世帯 1次メッシュ M5636"
"400","8003007592 | 令和２年国勢調査 世界測地系(250Mメッシュ) | 人口及び世帯 1次メッシュ M5637"
"401","8003007576 | 令和２年国勢調査 世界測地系(250Mメッシュ) | 人口及び世帯 1次メッシュ M5638"
"402","8003007600 | 令和２年国勢調査 世界測地系(250Mメッシュ) | 人口及び世帯 1次メッシュ M5639"
"403","8003007612 | 令和２年国勢調査 世界測地系(250Mメッシュ) | 人口及び世帯 1次メッシュ M5640"
"404","8003007537 | 令和２年国勢調査 世界測地系(250Mメッシュ) | 人口及び世帯 1次メッシュ M5641"
"405","8003007554 | 令和２年国勢調査 世界測地系(250Mメッシュ) | 人口及び世帯 1次メッシュ M5738"
"406","8003007525 | 令和２年国勢調査 世界測地系(250Mメッシュ) | 人口及び世帯 1次メッシュ M5739"
"407","8003007621 | 令和２年国勢調査 世界測地系(250Mメッシュ) | 人口及び世帯 1次メッシュ M5740"
"408","8003007601 | 令和２年国勢調査 世界測地系(250Mメッシュ) | 人口及び世帯 1次メッシュ M5741"
"409","8003007565 | 令和２年国勢調査 世界測地系(250Mメッシュ) | 人口及び世帯 1次メッシュ M5839"
"410","8003007585 | 令和２年国勢調査 世界測地系(250Mメッシュ) | 人口及び世帯 1次メッシュ M5840"
"411","8003007619 | 令和２年国勢調査 世界測地系(250Mメッシュ) | 人口及び世帯 1次メッシュ M5841"
"412","8003007586 | 令和２年国勢調査 世界測地系(250Mメッシュ) | 人口及び世帯 1次メッシュ M5939"
"413","8003007501 | 令和２年国勢調査 世界測地系(250Mメッシュ) | 人口及び世帯 1次メッシュ M5940"
"414","8003007499 | 令和２年国勢調査 世界測地系(250Mメッシュ) | 人口及び世帯 1次メッシュ M5941"
"415","8003007490 | 令和２年国勢調査 世界測地系(250Mメッシュ) | 人口及び世帯 1次メッシュ M5942"
"416","8003007613 | 令和２年国勢調査 世界測地系(250Mメッシュ) | 人口及び世帯 1次メッシュ M6039"
"417","8003007527 | 令和２年国勢調査 世界測地系(250Mメッシュ) | 人口及び世帯 1次メッシュ M6040"
"418","8003007538 | 令和２年国勢調査 世界測地系(250Mメッシュ) | 人口及び世帯 1次メッシュ M6041"
"419","8003007502 | 令和２年国勢調査 世界測地系(250Mメッシュ) | 人口及び世帯 1次メッシュ M6139"
"420","8003007555 | 令和２年国勢調査 世界測地系(250Mメッシュ) | 人口及び世帯 1次メッシュ M6140"
"421","8003007577 | 令和２年国勢調査 世界測地系(250Mメッシュ) | 人口及び世帯 1次メッシュ M6141"
"422","8003007540 | 令和２年国勢調査 世界測地系(250Mメッシュ) | 人口及び世帯 1次メッシュ M6239"
"423","8003007587 | 令和２年国勢調査 世界測地系(250Mメッシュ) | 人口及び世帯 1次メッシュ M6240"
"424","8003007541 | 令和２年国勢調査 世界測地系(250Mメッシュ) | 人口及び世帯 1次メッシュ M6241"
"425","8003007570 | 令和２年国勢調査 世界測地系(250Mメッシュ) | 人口及び世帯 1次メッシュ M6243"
"426","8003007614 | 令和２年国勢調査 世界測地系(250Mメッシュ) | 人口及び世帯 1次メッシュ M6339"
"427","8003007564 | 令和２年国勢調査 世界測地系(250Mメッシュ) | 人口及び世帯 1次メッシュ M6340"
"428","8003007620 | 令和２年国勢調査 世界測地系(250Mメッシュ) | 人口及び世帯 1次メッシュ M6341"
"429","8003007526 | 令和２年国勢調査 世界測地系(250Mメッシュ) | 人口及び世帯 1次メッシュ M6342"
"430","8003007483 | 令和２年国勢調査 世界測地系(250Mメッシュ) | 人口及び世帯 1次メッシュ M6343"
"431","8003007582 | 令和２年国勢調査 世界測地系(250Mメッシュ) | 人口及び世帯 1次メッシュ M6439"
"432","8003007539 | 令和２年国勢調査 世界測地系(250Mメッシュ) | 人口及び世帯 1次メッシュ M6440"
"433","8003007556 | 令和２年国勢調査 世界測地系(250Mメッシュ) | 人口及び世帯 1次メッシュ M6441"
"434","8003007318 | 令和２年国勢調査 世界測地系(250Mメッシュ) | 人口及び世帯 1次メッシュ M6442"
"435","8003007602 | 令和２年国勢調査 世界測地系(250Mメッシュ) | 人口及び世帯 1次メッシュ M6443"
"436","8003007484 | 令和２年国勢調査 世界測地系(250Mメッシュ) | 人口及び世帯 1次メッシュ M6444"
"437","8003007548 | 令和２年国勢調査 世界測地系(250Mメッシュ) | 人口及び世帯 1次メッシュ M6445"
"438","8003007512 | 令和２年国勢調査 世界測地系(250Mメッシュ) | 人口及び世帯 1次メッシュ M6540"
"439","8003007603 | 令和２年国勢調査 世界測地系(250Mメッシュ) | 人口及び世帯 1次メッシュ M6541"
"440","8003007528 | 令和２年国勢調査 世界測地系(250Mメッシュ) | 人口及び世帯 1次メッシュ M6542"
"441","8003007520 | 令和２年国勢調査 世界測地系(250Mメッシュ) | 人口及び世帯 1次メッシュ M6543"
"442","8003007557 | 令和２年国勢調査 世界測地系(250Mメッシュ) | 人口及び世帯 1次メッシュ M6544"
"443","8003007491 | 令和２年国勢調査 世界測地系(250Mメッシュ) | 人口及び世帯 1次メッシュ M6545"
"444","8003007574 | 令和２年国勢調査 世界測地系(250Mメッシュ) | 人口及び世帯 1次メッシュ M6641"
"445","8003007552 | 令和２年国勢調査 世界測地系(250Mメッシュ) | 人口及び世帯 1次メッシュ M6642"
"446","8003007566 | 令和２年国勢調査 世界測地系(250Mメッシュ) | 人口及び世帯 1次メッシュ M6643"
"447","8003007495 | 令和２年国勢調査 世界測地系(250Mメッシュ) | 人口及び世帯 1次メッシュ M6644"
"448","8003007533 | 令和２年国勢調査 世界測地系(250Mメッシュ) | 人口及び世帯 1次メッシュ M6645"
"449","8003007532 | 令和２年国勢調査 世界測地系(250Mメッシュ) | 人口及び世帯 1次メッシュ M6741"
"450","8003007567 | 令和２年国勢調査 世界測地系(250Mメッシュ) | 人口及び世帯 1次メッシュ M6742"
"451","8003007545 | 令和２年国勢調査 世界測地系(250Mメッシュ) | 人口及び世帯 1次メッシュ M6840"
"452","8003007496 | 令和２年国勢調査 世界測地系(250Mメッシュ) | 人口及び世帯 1次メッシュ M6841"
"453","8003007507 | 令和２年国勢調査 世界測地系(250Mメッシュ) | 人口及び世帯 1次メッシュ M6842"
